<?xml version="1.0" encoding="UTF-8" ?>
<!DOCTYPE configuration
  PUBLIC "-//mybatis.org//DTD Config 3.0//EN"
  "http://mybatis.org/dtd/mybatis-3-config.dtd">
<configuration>
<typeAliases>
<!--알리아스 설정 : ex) typeAlias type="전체경로" alias="별칭"  -->

</typeAliases>

<!-- DB연결 참조 -->
  <environments default="">
    <environment id="">
      <transactionManager type="JDBC"/>
      <!-- Connection Pool방식  --> 
      <dataSource type="JNDI">
        <property name="data_source" value="java:comp/env/jdbc/oracle" />
      </dataSource>
    </environment>
  </environments>
  
  <!--sql 관련 설정  -->
  <mappers>
  
  	<mapper resource="mapper/notice.xml"/>
  </mappers>
</configuration>